<?xml version="1.0"?>
<Actions>
    <Action id="fanOn" deviceFilter="self.SenseME_fan">
        <Name>Turn Fan On</Name>
        <CallbackMethod>setFanOn</CallbackMethod>
    </Action>
    <Action id="fanOff" deviceFilter="self.SenseME_fan">
        <Name>Turn Fan Off</Name>
        <CallbackMethod>setFanOff</CallbackMethod>
    </Action>
    <Action id="fanSpeed" deviceFilter="self.SenseME_fan">
        <Name>Adjust Fan Speed</Name>
        <CallbackMethod>setFanSpeed</CallbackMethod>
        <ConfigUI>
            <Field id="speed" type="textfield">
                <Label>Speed (0 through 7)</Label>
            </Field>
        </ConfigUI>
    </Action>
    <Action id="fanLightOn" deviceFilter="self.SenseME_fan">
        <Name>Turn Fan Light On</Name>
        <CallbackMethod>setFanLightOn</CallbackMethod>
    </Action>
    <Action id="fanLightOff" deviceFilter="self.SenseME_fan">
        <Name>Turn Fan Light Off</Name>
        <CallbackMethod>setFanLightOff</CallbackMethod>
    </Action>
    <Action id="fanLightBrightness" deviceFilter="self.SenseME_fan">
        <Name>Adjust Fan Light Brightness</Name>
        <CallbackMethod>setFanLightBrightness</CallbackMethod>
        <ConfigUI>
            <Field id="lightLevel" type="textfield">
                <Label>Light Level (0 through 16)</Label>
            </Field>
        </ConfigUI>
    </Action>
    <Action id="fanMotionOff" deviceFilter="self.SenseME_fan">
        <Name>Turn Fan Motion Sensor Off</Name>
        <CallbackMethod>setFanMotionSensorOff</CallbackMethod>
    </Action>
    <Action id="fanMotionOn" deviceFilter="self.SenseME_fan">
        <Name>Turn Fan Motion Sensor On</Name>
        <CallbackMethod>setFanMotionSensorOn</CallbackMethod>
    </Action>
    <Action id="lightMotionOff" deviceFilter="self.SenseME_fan">
        <Name>Turn Light Motion Sensor Off</Name>
        <CallbackMethod>setLightMotionSensorOff</CallbackMethod>
    </Action>
    <Action id="lightMotionOn" deviceFilter="self.SenseME_fan">
        <Name>Turn Light Motion Sensor On</Name>
        <CallbackMethod>setLightMotionSensorOn</CallbackMethod>
    </Action>
    <Action id="sendRawCommand" deviceFilter="self.SenseME_fan">
        <Name>Send raw SenseME Command (use with caution)</Name>
        <CallbackMethod>setFanRawCommand</CallbackMethod>
        <ConfigUI>
            <Field id="cmdLabel" type="label">
                <Label>Caution: Use this action at your own risk. No validation is performed on commands that are executed with this action so it is up to you to ensure that they are properly formatted.</Label>
            </Field>
            <Field id="cmdsep" type="separator" />
            <Field id="cmd" type="textfield">
                <Label>Raw SenseME command</Label>
            </Field>
        </ConfigUI>
    </Action>
    <Action id="enableSmartHeating" deviceFilter="self.SenseME_fan">
        <Name>Enable Smarter Heating</Name>
        <CallbackMethod>enableFanSmartHeating</CallbackMethod>
    </Action>
    <Action id="enableSmartCooling" deviceFilter="self.SenseME_fan">
        <Name>Enable Smarter Cooling</Name>
        <CallbackMethod>enableFanSmartCooling</CallbackMethod>
    </Action>
    <Action id="fanLearnMinSpeed" deviceFilter="self.SenseME_fan">
        <Name>Adjust Fan Smart Mode Min Speed</Name>
        <CallbackMethod>setFanSmartModeMinSpeed</CallbackMethod>
        <ConfigUI>
            <Field id="speed" type="textfield">
                <Label>Speed (0 through 6, 0 = no min)</Label>
            </Field>
        </ConfigUI>
    </Action>
    <Action id="fanLearnMaxSpeed" deviceFilter="self.SenseME_fan">
        <Name>Adjust Fan Smart Mode Max Speed</Name>
        <CallbackMethod>setFanSmartModeMaxSpeed</CallbackMethod>
        <ConfigUI>
            <Field id="speed" type="textfield">
                <Label>Speed (1 through 7, 7 = no max)</Label>
            </Field>
        </ConfigUI>
    </Action>
    <Action id="disableFanSmartMode" deviceFilter="self.SenseME_fan">
        <Name>Disable Fan Smart Mode</Name>
        <CallbackMethod>disableFanSmartMode</CallbackMethod>
    </Action>
<!--
    <Action id="debugState" deviceFilter="self.SenseME_fan">
        <Name>debug</Name>
        <CallbackMethod>debugState</CallbackMethod>
    </Action>
-->
    <Action id="whooshOn" deviceFilter="self.SenseME_fan">
        <Name>Turn Fan Whoosh Mode On</Name>
        <CallbackMethod>setFanWhooshModeOn</CallbackMethod>
    </Action>
    <Action id="whooshOff" deviceFilter="self.SenseME_fan">
        <Name>Turn Fan Whoosh Mode Off</Name>
        <CallbackMethod>setFanWhooshModeOff</CallbackMethod>
    </Action>
    <Action id="directionForward" deviceFilter="self.SenseME_fan">
        <Name>Set Fan Direction Forward</Name>
        <CallbackMethod>setFanDirectionForward</CallbackMethod>
    </Action>
    <Action id="directionReverse" deviceFilter="self.SenseME_fan">
        <Name>Set Fan Direction Reverse</Name>
        <CallbackMethod>setFanDirectionReverse</CallbackMethod>
    </Action>
    <Action id="indicatorsOn" deviceFilter="self.SenseME_fan">
        <Name>Set Fan Indicators On</Name>
        <CallbackMethod>setFanIndicatorsOn</CallbackMethod>
    </Action>
    <Action id="indicatorsOff" deviceFilter="self.SenseME_fan">
        <Name>Set Fan Indicators Off</Name>
        <CallbackMethod>setFanIndicatorsOff</CallbackMethod>
    </Action>
    <Action id="beepOn" deviceFilter="self.SenseME_fan">
        <Name>Set Fan Beep On</Name>
        <CallbackMethod>setFanBeepOn</CallbackMethod>
    </Action>
    <Action id="beepOff" deviceFilter="self.SenseME_fan">
        <Name>Set Fan Beep Off</Name>
        <CallbackMethod>setFanBeepOff</CallbackMethod>
    </Action>
    <Action id="sleepModeOn" deviceFilter="self.SenseME_fan">
        <Name>Set Fan Sleep Mode On</Name>
        <CallbackMethod>setFanSleepModeOn</CallbackMethod>
    </Action>
    <Action id="sleepModeOff" deviceFilter="self.SenseME_fan">
        <Name>Set Fan Sleep Mode Off</Name>
        <CallbackMethod>setFanSleepModeOff</CallbackMethod>
    </Action>
    <Action id="fanSmartSleepIdealTemp" deviceFilter="self.SenseME_fan">
        <Name>Adjust Fan Smart Sleep Ideal Temperature</Name>
        <CallbackMethod>setFanSmartSleepIdealTemp</CallbackMethod>
        <ConfigUI>
            <Field id="sleepTemp" type="textfield">
                <Label>Temperature (50-90 degrees F or 10-32 degrees C)</Label>
            </Field>
        </ConfigUI>
    </Action>
    <Action id="fanSmartCoolingIdealTemp" deviceFilter="self.SenseME_fan">
        <Name>Adjust Fan Smart Cooling Ideal Temperature</Name>
        <CallbackMethod>setFanSmartCoolingIdealTemp</CallbackMethod>
        <ConfigUI>
            <Field id="coolingTemp" type="textfield">
                <Label>Temperature (50-90 degrees F or 10-32 degrees C)</Label>
            </Field>
        </ConfigUI>
    </Action>
</Actions>
