<?xml version="1.0"?>
<Devices>
    <Device type="custom" id="SenseME_fan">
        <Name>SenseME fan</Name>
        <ConfigUI>
        <Field id="fanNameLabel" type="label">
            <Label>Please ensure your fan is fully configured via the senseME app before creating your Indigo SenseME device.</Label>
            </Field>
        <Field id="fanName" type="textfield">
            <Label>Fan name (as defined in the SenseME app):</Label>
        </Field>
        <Field id="fanIP" type="textfield">
            <Label>Fan IP address (as defined in the SenseME app):</Label>
        </Field>
        <Field id="fanMAC" type="textfield" readonly="YES">
            <Label>Fan MAC address:</Label>
        </Field>
        <Field id="fanTempUnits" type="menu" defaultValue="F">
            <Label>Temperature units:</Label>
            <List>
                    <Option value="F">Fahrenheit</Option>
                    <Option value="C">Celsius</Option>
           </List>
        </Field>
        </ConfigUI>
        <States>
            <State id="fan">
                <ValueType boolType="OnOff">Boolean</ValueType>
                <TriggerLabel>Fan</TriggerLabel>
                <ControlPageLabel>Fan</ControlPageLabel>
            </State>
            <State id="light">
                <ValueType boolType="OnOff">Boolean</ValueType>
                <TriggerLabel>Light</TriggerLabel>
                <ControlPageLabel>Light</ControlPageLabel>
            </State>
            <State id="speed">
                <ValueType>Number</ValueType>
                <TriggerLabel>Speed</TriggerLabel>
                <ControlPageLabel>Fan speed</ControlPageLabel>
            </State>
            <State id="brightness">
                <ValueType>Number</ValueType>
                <TriggerLabel>Brightness</TriggerLabel>
                <ControlPageLabel>Brightness</ControlPageLabel>
            </State>
            <State id="fan_motion">
                <ValueType boolType="OnOff">Boolean</ValueType>
                <TriggerLabel>Fan Motion Sensor</TriggerLabel>
                <ControlPageLabel>Fan Motion Sensor</ControlPageLabel>
            </State>
            <State id="light_motion">
                <ValueType boolType="OnOff">Boolean</ValueType>
                <TriggerLabel>Light Motion Sensor</TriggerLabel>
                <ControlPageLabel>Light Motion Sensor</ControlPageLabel>
            </State>
            <State id="statusString">
                <ValueType>String</ValueType>
                <TriggerLabel>Status String</TriggerLabel>
                <ControlPageLabel>Fan / Light Status</ControlPageLabel>
            </State>
            <State id="smartmode">
                <ValueType>String</ValueType>
                <TriggerLabel>Smart Mode</TriggerLabel>
                <ControlPageLabel>Smart Mode</ControlPageLabel>
            </State>
            <State id="motion">
                <ValueType boolType="OnOff">Boolean</ValueType>
                <TriggerLabel>Motion Detected</TriggerLabel>
                <ControlPageLabel>Motion Detected</ControlPageLabel>
            </State>
            <State id="whoosh">
                <ValueType boolType="OnOff">Boolean</ValueType>
                <TriggerLabel>Whoosh</TriggerLabel>
                <ControlPageLabel>Whoosh</ControlPageLabel>
            </State>
            <State id="coolingIdealTemp">
                <ValueType>Number</ValueType>
                <TriggerLabel>Cooling Ideal Temperature</TriggerLabel>
                <ControlPageLabel>Cooling Ideal Temperature</ControlPageLabel>
            </State>
            <State id="sleepIdealTemp">
                <ValueType>Number</ValueType>
                <TriggerLabel>Sleep Ideal Temperature</TriggerLabel>
                <ControlPageLabel>Sleep Ideal Temperature</ControlPageLabel>
            </State>
            <State id="indicators">
                <ValueType boolType="OnOff">Boolean</ValueType>
                <TriggerLabel>Indicators</TriggerLabel>
                <ControlPageLabel>Indicators</ControlPageLabel>
            </State>
            <State id="beep">
                <ValueType boolType="OnOff">Boolean</ValueType>
                <TriggerLabel>Beep</TriggerLabel>
                <ControlPageLabel>Beep</ControlPageLabel>
            </State>
            <State id="sleepMode">
                <ValueType boolType="OnOff">Boolean</ValueType>
                <TriggerLabel>Sleep Mode</TriggerLabel>
                <ControlPageLabel>Sleep Mode</ControlPageLabel>
            </State>
            <State id="direction">
                <ValueType>
                    <List>
                        <Option value="forward">Forward</Option>
                        <Option value="reverse">Reverse</Option>
		    </List>
                </ValueType>
                <TriggerLabel>Direction Changed</TriggerLabel>
                <TriggerLabelPrefix>Direction Changed to</TriggerLabelPrefix>
                <ControlPageLabel>Direction</ControlPageLabel>
                <ControlPageLabelPrefix>Direction is</ControlPageLabelPrefix>
            </State>
        </States>
        <UiDisplayStateId>statusString</UiDisplayStateId>
    </Device>
</Devices>
