<?xml version="1.0"?>
<PluginConfig>
	<SupportURL>http://bruce.pennypacker.org/2016/11/22/senseme-plugin-reference/</SupportURL>
	<Field id="title" type="label" alignText="center" fontColor="blue">
		<Label>SenseME Fan Plugin Configuration
		</Label>
	</Field>
	<Field id="topLabel" type="label" fontColor="darkgray" fontSize="small">
		<Label>If you are having problems with the plugin (or you are instructed by support), you can enable extra logging in the Event Log window by checking this button. Use with caution.
		</Label>
	</Field>
	<Field id="debug" type="checkbox">
		<Label>Enable debugging:</Label>
	</Field>
	<Field id="sep2" type="separator"/>
	<Field id="timeoutLabel" type="label" fontColor="darkgray" fontSize="small">
		<Label>If the plugin is having trouble remaining connected to the fan (triggers don't execute) then adjusting this value may help. If non-zero then the plugin will attempt to re-establish its connection with each fan after this many minutes of inactivity. A value of 0 will disable this feature. Note that you must restart the plugin for changes to this to take effect.
		</Label>
	</Field>
	<Field id="timeoutValue" type="textfield" alignWithControl="true" fontSize="small" fontColor="darkgray" defaultValue="0">
		<Label>Timeout in minutes:</Label>
	</Field>
</PluginConfig>
